Campus,Year,Building,Room,RoomType,Date,Start,End,BookingType,Department,Booking,Module,Section,Staff
UBCV,2023-2024,ALRD,105,General,2024-03-18,8:30,11:30,LEC,LAW-V,LAW 590-W/LEC/003, , ,"Goulden, James"
UBCV,2023-2024,ALRD,105,General,2024-03-25,8:30,11:30,LEC,LAW-V,LAW 590-W/LEC/003, , ,"Goulden, James"
UBCV,2023-2024,ALRD,105,General,2024-03-18,12:30,14:00,LEC,SOCI-V,SOCI 310-W/202,SOCI 310-W,202,"Meadows, Craig"
UBCV,2023-2024,ALRD,105,General,2024-03-25,12:30,14:00,LEC,SOCI-V,SOCI 310-W/202,SOCI 310-W,202,"Meadows, Craig"
UBCV,2023-2024,ALRD,105,General,2024-03-18,14:00,15:30,WRB-ACTIVE,WRB_UBC,NORD 336 Exam  18-Mar-2024 14:00 - ALRD 105, , , 
UBCV,2023-2024,ALRD,105,General,2024-03-18,15:30,17:00,LEC,LAW-V,LAW 461-W/LEC/001, ,001,"Hutchison, Camden"
UBCV,2023-2024,ALRD,105,General,2024-03-25,15:30,17:00,LEC,LAW-V,LAW 461-W/LEC/001, ,001,"Hutchison, Camden"
UBCV,2023-2024,ALRD,105,General,2024-03-19,9:00,10:30,LEC,LAW-V,LAW 300-W/LEC/002,LAW 300-W,002,"Goold, Benjamin"
UBCV,2023-2024,ALRD,105,General,2024-03-26,9:00,10:30,LEC,LAW-V,LAW 300-W/LEC/002,LAW 300-W,002,"Goold, Benjamin"
UBCV,2023-2024,ALRD,105,General,2024-03-19,10:30,12:30,LEC,LAW-V,LAW 509-W/LEC/001, , ,"Flynn, Alexandra"
UBCV,2023-2024,ALRD,105,General,2024-03-26,10:30,12:30,LEC,LAW-V,LAW 509-W/LEC/001, , ,"Flynn, Alexandra"
UBCV,2023-2024,ALRD,105,General,2024-03-19,12:30,14:00,LEC,SOCI-V,SOCI 370-W/301,SOCI 370-W,301,"Greer, Kerry"
UBCV,2023-2024,ALRD,105,General,2024-03-26,12:30,14:00,LEC,SOCI-V,SOCI 370-W/301,SOCI 370-W,301,"Greer, Kerry"
UBCV,2023-2024,ALRD,105,General,2024-03-19,14:00,16:00,LEC,LAW-V,LAW 476-W/LEC/002, ,002,"Harris, Nikos"
UBCV,2023-2024,ALRD,105,General,2024-03-26,14:00,16:00,LEC,LAW-V,LAW 476-W/LEC/002, ,002,"Harris, Nikos"
UBCV,2023-2024,ALRD,105,General,2024-03-19,16:00,17:30,LEC,SOCI-V,SOCI 381-W/201,SOCI 381-W,201,"Berdahl, Jennifer"
UBCV,2023-2024,ALRD,105,General,2024-03-26,16:00,17:30,LEC,SOCI-V,SOCI 381-W/201,SOCI 381-W,201,"Berdahl, Jennifer"
UBCV,2023-2024,ALRD,105,General,2024-03-26,18:00,19:30,WRB-ACTIVE,WRB_UBC,Apply Yourself 26-Mar-2024 18:00 - ALRD 105, , , 
UBCV,2023-2024,ALRD,105,General,2024-03-20,12:30,14:00,LEC,SOCI-V,SOCI 310-W/202,SOCI 310-W,202,"Meadows, Craig"
UBCV,2023-2024,ALRD,105,General,2024-03-27,12:30,14:00,LEC,SOCI-V,SOCI 310-W/202,SOCI 310-W,202,"Meadows, Craig"
UBCV,2023-2024,ALRD,105,General,2024-03-20,15:30,17:00,LEC,LAW-V,LAW 461-W/LEC/001, ,001,"Hutchison, Camden"
UBCV,2023-2024,ALRD,105,General,2024-03-27,15:30,17:00,LEC,LAW-V,LAW 461-W/LEC/001, ,001,"Hutchison, Camden"
UBCV,2023-2024,ALRD,105,General,2024-03-20,9:30,11:00,LEC,LAW-V,LAW 271-W/LEC/002,LAW 271-W,002,"Dauvergne, Catherine"
UBCV,2023-2024,ALRD,105,General,2024-03-27,9:30,11:00,LEC,LAW-V,LAW 271-W/LEC/002,LAW 271-W,002,"Dauvergne, Catherine"
UBCV,2023-2024,ALRD,105,General,2024-03-20,11:30,12:30,LEC,LAW-V,LAW 211-W/LEC/002,LAW 211-W,002,"Bird, Brian"
UBCV,2023-2024,ALRD,105,General,2024-03-27,11:30,12:30,LEC,LAW-V,LAW 211-W/LEC/002,LAW 211-W,002,"Bird, Brian"
UBCV,2023-2024,ALRD,105,General,2024-03-20,14:00,15:30,LEC,LAW-V,LAW 576-W/LEC/002, , ,"Ford, Cristie"
UBCV,2023-2024,ALRD,105,General,2024-03-27,14:00,15:30,LEC,LAW-V,LAW 576-W/LEC/002, , ,"Ford, Cristie"
UBCV,2023-2024,ALRD,105,General,2024-03-21,9:00,10:30,LEC,LAW-V,LAW 300-W/LEC/002,LAW 300-W,002,"Goold, Benjamin"
UBCV,2023-2024,ALRD,105,General,2024-03-28,9:00,10:30,LEC,LAW-V,LAW 300-W/LEC/002,LAW 300-W,002,"Goold, Benjamin"
UBCV,2023-2024,ALRD,105,General,2024-03-21,10:30,12:30,LEC,LAW-V,LAW 509-W/LEC/001, , ,"Flynn, Alexandra"
UBCV,2023-2024,ALRD,105,General,2024-03-28,10:30,12:30,LEC,LAW-V,LAW 509-W/LEC/001, , ,"Flynn, Alexandra"
UBCV,2023-2024,ALRD,105,General,2024-03-21,12:30,14:00,LEC,SOCI-V,SOCI 370-W/301,SOCI 370-W,301,"Greer, Kerry"
UBCV,2023-2024,ALRD,105,General,2024-03-28,12:30,14:00,LEC,SOCI-V,SOCI 370-W/301,SOCI 370-W,301,"Greer, Kerry"
UBCV,2023-2024,ALRD,105,General,2024-03-21,14:00,16:00,LEC,LAW-V,LAW 476-W/LEC/002, ,002,"Harris, Nikos"
UBCV,2023-2024,ALRD,105,General,2024-03-28,14:00,16:00,LEC,LAW-V,LAW 476-W/LEC/002, ,002,"Harris, Nikos"
UBCV,2023-2024,ALRD,105,General,2024-03-21,16:00,17:30,LEC,SOCI-V,SOCI 381-W/201,SOCI 381-W,201,"Berdahl, Jennifer"
UBCV,2023-2024,ALRD,105,General,2024-03-28,16:00,17:30,LEC,SOCI-V,SOCI 381-W/201,SOCI 381-W,201,"Berdahl, Jennifer"
UBCV,2023-2024,ALRD,105,General,2024-03-21,17:30,20:30,LEC,LAW-V,LAW 469-W/LEC/002, , ,"Fancourt-Smith, Mark"
UBCV,2023-2024,ALRD,105,General,2024-03-28,17:30,20:30,LEC,LAW-V,LAW 469-W/LEC/002, , ,"Fancourt-Smith, Mark"
UBCV,2023-2024,ALRD,105,General,2024-03-22,9:30,11:00,LEC,LAW-V,LAW 271-W/LEC/002,LAW 271-W,002,"Dauvergne, Catherine"
UBCV,2023-2024,ALRD,105,General,2024-03-29,9:30,11:00,LEC,LAW-V,LAW 271-W/LEC/002,LAW 271-W,002,"Dauvergne, Catherine"
UBCV,2023-2024,ALRD,105,General,2024-03-22,11:30,12:30,LEC,LAW-V,LAW 211-W/LEC/002,LAW 211-W,002,"Bird, Brian"
UBCV,2023-2024,ALRD,105,General,2024-03-29,11:30,12:30,LEC,LAW-V,LAW 211-W/LEC/002,LAW 211-W,002,"Bird, Brian"
UBCV,2023-2024,ALRD,105,General,2024-03-22,13:30,15:00,LEC,LAW-V,LAW 576-W/LEC/002, , ,"Ford, Cristie"
UBCV,2023-2024,ALRD,105,General,2024-03-29,13:30,15:00,LEC,LAW-V,LAW 576-W/LEC/002, , ,"Ford, Cristie"
UBCV,2023-2024,ALRD,105,General,2024-03-30,8:00,17:30,WRB-ACTIVE,WRB_UBC,YYL conference 30-Mar-2024 8:00 - ALRD 105, , , 
UBCV,2023-2024,ALRD,112,General,2024-03-18,9:30,12:30,SEM,LAW-V,LAW 312D-W/SEM/001,LAW 312D-W,001,"Donaldson, Michael"
UBCV,2023-2024,ALRD,112,General,2024-03-25,9:30,12:30,SEM,LAW-V,LAW 312D-W/SEM/001,LAW 312D-W,001,"Donaldson, Michael"
UBCV,2023-2024,ALRD,112,General,2024-03-18,16:00,17:00,WRB-ACTIVE,WRB_UBC,"IM Leagues Mtg Monday (week(s): January 29, 2024-March 25, 2024) 16:00 - ALRD 112", , , 
UBCV,2023-2024,ALRD,112,General,2024-03-25,16:00,17:00,WRB-ACTIVE,WRB_UBC,"IM Leagues Mtg Monday (week(s): January 29, 2024-March 25, 2024) 16:00 - ALRD 112", , , 
UBCV,2023-2024,ALRD,112,General,2024-03-19,12:30,14:00,DST,PHIL-V,PHIL 487-W/DST/001,PHIL 487-W,001,"Lopes, Dominic"
UBCV,2023-2024,ALRD,112,General,2024-03-26,12:30,14:00,DST,PHIL-V,PHIL 487-W/DST/001,PHIL 487-W,001,"Lopes, Dominic"
UBCV,2023-2024,ALRD,112,General,2024-03-19,14:00,17:00,PRC,LAW-V,LAW 427E-W/PRC/001,LAW 427E-W,001,"Barrett, Nicole"
UBCV,2023-2024,ALRD,112,General,2024-03-26,14:00,17:00,PRC,LAW-V,LAW 427E-W/PRC/001,LAW 427E-W,001,"Barrett, Nicole"
UBCV,2023-2024,ALRD,112,General,2024-03-20,9:30,12:30,SEM,LAW-V,LAW 313D-W/SEM/001,LAW 313D-W,001,"Harris, Douglas"
UBCV,2023-2024,ALRD,112,General,2024-03-27,9:30,12:30,SEM,LAW-V,LAW 313D-W/SEM/001,LAW 313D-W,001,"Harris, Douglas"
UBCV,2023-2024,ALRD,112,General,2024-03-27,12:30,14:00,WRB-ACTIVE,WRB_UBC,Law review  27-Mar-2024 12:30 - ALRD 112, , , 
UBCV,2023-2024,ALRD,112,General,2024-03-20,14:00,17:00,SEM,LAW-V,LAW 578-W/SEM/001, , ,"Dauvergne, Catherine"
UBCV,2023-2024,ALRD,112,General,2024-03-27,14:00,17:00,SEM,LAW-V,LAW 578-W/SEM/001, , ,"Dauvergne, Catherine"
UBCV,2023-2024,ALRD,112,General,2024-03-20,17:30,19:00,WRB-ACTIVE,WRB_UBC,Triathlon Mtg 20-Mar-2024 17:30 - ALRD 112, , , 
UBCV,2023-2024,ALRD,112,General,2024-03-21,12:30,14:00,DST,PHIL-V,PHIL 487-W/DST/001,PHIL 487-W,001,"Lopes, Dominic"
UBCV,2023-2024,ALRD,112,General,2024-03-28,12:30,14:00,DST,PHIL-V,PHIL 487-W/DST/001,PHIL 487-W,001,"Lopes, Dominic"
UBCV,2023-2024,ALRD,112,General,2024-03-21,9:30,12:30,SEM,LAW-V,LAW 308D-W/SEM/001,LAW 308D-W,001,"Bhandar, Brenna"
UBCV,2023-2024,ALRD,112,General,2024-03-28,9:30,12:30,SEM,LAW-V,LAW 308D-W/SEM/001,LAW 308D-W,001,"Bhandar, Brenna"
UBCV,2023-2024,ALRD,112,General,2024-03-22,9:30,12:30,SEM,LAW-V,LAW 351D-W/SEM/001,LAW 351D-W,001,"Barrett, Nicole"
UBCV,2023-2024,ALRD,112,General,2024-03-29,9:30,12:30,SEM,LAW-V,LAW 351D-W/SEM/001,LAW 351D-W,001,"Barrett, Nicole"
UBCV,2023-2024,ALRD,112,General,2024-03-22,13:30,15:30,WRB-ACTIVE,WRB_UBC,Make Up Exam 22-Mar-2024 13:30 - ALRD 112, , , 
UBCV,2023-2024,ALRD,113,General,2024-03-18,9:30,12:30,LEC,LAW-V,LAW 336-W/LEC/001,LAW 336-W,001,"Cheng, Jie"
UBCV,2023-2024,ALRD,113,General,2024-03-25,9:30,12:30,LEC,LAW-V,LAW 336-W/LEC/001,LAW 336-W,001,"Cheng, Jie"
UBCV,2023-2024,ALRD,113,General,2024-03-18,14:00,17:00,SEM,GEOG-V,GEOG 551-W/201,GEOG 551-W,201,"Arefin, Mohammed"
UBCV,2023-2024,ALRD,113,General,2024-03-25,14:00,17:00,SEM,GEOG-V,GEOG 551-W/201,GEOG 551-W,201,"Arefin, Mohammed"
UBCV,2023-2024,ALRD,113,General,2024-03-18,18:00,21:00,SEM,LAW-V,LAW 467D-W/SEM/002,LAW 467D-W,002,"Narwal, Joven"
UBCV,2023-2024,ALRD,113,General,2024-03-25,18:00,21:00,SEM,LAW-V,LAW 467D-W/SEM/002,LAW 467D-W,002,"Narwal, Joven"
UBCV,2023-2024,ALRD,113,General,2024-03-19,9:30,12:30,SEM,LAW-V,LAW 319D-W/SEM/001,LAW 319D-W,001,"Lazarus, Liora"
UBCV,2023-2024,ALRD,113,General,2024-03-26,9:30,12:30,SEM,LAW-V,LAW 319D-W/SEM/001,LAW 319D-W,001,"Lazarus, Liora"
UBCV,2023-2024,ALRD,113,General,2024-03-19,12:30,14:00,DST,PHIL-V,PHIL 486-W/DST/001,PHIL 486-W,001,"Margolis, Eric"
UBCV,2023-2024,ALRD,113,General,2024-03-26,12:30,14:00,DST,PHIL-V,PHIL 486-W/DST/001,PHIL 486-W,001,"Margolis, Eric"
UBCV,2023-2024,ALRD,113,General,2024-03-19,15:30,18:30,DST,PHIL-V,PHIL 488-W/DST/001,PHIL 488-W,001,"Berryman, Sylvia"
UBCV,2023-2024,ALRD,113,General,2024-03-26,15:30,18:30,DST,PHIL-V,PHIL 488-W/DST/001,PHIL 488-W,001,"Berryman, Sylvia"
UBCV,2023-2024,ALRD,113,General,2024-03-20,9:00,12:00,LEC,ARST-V,ARST 535-W/LEC/002,ARST 535-W,002,"Douglas, Jennifer"
UBCV,2023-2024,ALRD,113,General,2024-03-27,9:00,12:00,LEC,ARST-V,ARST 535-W/LEC/002,ARST 535-W,002,"Douglas, Jennifer"
UBCV,2023-2024,ALRD,113,General,2024-03-20,14:00,17:00,SEM,LAW-V,LAW 432D-W/SEM/001, ,001,"Hofri-Winogradow, Adam"
UBCV,2023-2024,ALRD,113,General,2024-03-27,14:00,17:00,SEM,LAW-V,LAW 432D-W/SEM/001, ,001,"Hofri-Winogradow, Adam"
UBCV,2023-2024,ALRD,113,General,2024-03-20,18:00,21:00,LEC,LAW-V,LAW 569C-W/LEC/001,LAW 569C-W,001,"Noble, Greg"
UBCV,2023-2024,ALRD,113,General,2024-03-27,18:00,21:00,LEC,LAW-V,LAW 569C-W/LEC/001,LAW 569C-W,001,"Noble, Greg"
UBCV,2023-2024,ALRD,113,General,2024-03-21,12:30,14:00,DST,PHIL-V,PHIL 486-W/DST/001,PHIL 486-W,001,"Margolis, Eric"
UBCV,2023-2024,ALRD,113,General,2024-03-28,12:30,14:00,DST,PHIL-V,PHIL 486-W/DST/001,PHIL 486-W,001,"Margolis, Eric"
UBCV,2023-2024,ALRD,113,General,2024-03-21,9:30,12:30,LEC,LAW-V,LAW 489-W/LEC/002,LAW 489-W,002,"Baker-Grenier, Nigel"
UBCV,2023-2024,ALRD,113,General,2024-03-28,9:30,12:30,LEC,LAW-V,LAW 489-W/LEC/002,LAW 489-W,002,"Baker-Grenier, Nigel"
UBCV,2023-2024,ALRD,113,General,2024-03-21,14:00,17:00,PRC,LAW-V,LAW 470-W/PRC/001,LAW 470-W,001,"Levy, Tamara"
UBCV,2023-2024,ALRD,113,General,2024-03-28,14:00,17:00,PRC,LAW-V,LAW 470-W/PRC/001,LAW 470-W,001,"Levy, Tamara"
UBCV,2023-2024,ALRD,113,General,2024-03-21,17:00,20:00,SEM,LAW-V,LAW 343D-W/SEM/002, ,002,"Krueger, Naomi"
UBCV,2023-2024,ALRD,113,General,2024-03-28,17:00,20:00,SEM,LAW-V,LAW 343D-W/SEM/002, ,002,"Krueger, Naomi"
UBCV,2023-2024,ALRD,113,General,2024-03-22,11:00,12:00,DIS,HIST-V,HIST 356-W/DIS/2,HIST 356-W,L1C,"Glassheim, Eagle"
UBCV,2023-2024,ALRD,113,General,2024-03-29,11:00,12:00,DIS,HIST-V,HIST 356-W/DIS/2,HIST 356-W,L1C,"Glassheim, Eagle"
UBCV,2023-2024,ALRD,113,General,2024-03-22,12:00,13:00,DIS,LASO-V,LASO 204-W/L2A,LASO 204-W,L2A, 
UBCV,2023-2024,ALRD,113,General,2024-03-29,12:00,13:00,DIS,LASO-V,LASO 204-W/L2A,LASO 204-W,L2A, 
UBCV,2023-2024,ALRD,113,General,2024-03-22,14:00,15:00,DIS,POLI-V,POLI 110-W/DIS/L2J,POLI 110-W,L2J, 
UBCV,2023-2024,ALRD,113,General,2024-03-29,14:00,15:00,DIS,POLI-V,POLI 110-W/DIS/L2J,POLI 110-W,L2J, 
UBCV,2023-2024,ALRD,113,General,2024-03-22,15:00,16:00,DIS,HIST-V,HIST 102-W/DIS/L2G,HIST 102-W,L2G,"Timmermann, Joshua"
UBCV,2023-2024,ALRD,113,General,2024-03-29,15:00,16:00,DIS,HIST-V,HIST 102-W/DIS/L2G,HIST 102-W,L2G,"Timmermann, Joshua"
UBCV,2023-2024,ALRD,121,General,2024-03-18,9:00,12:00,SEM,GRSJ-V,GRSJ 480-W/SEM/201,GRSJ 480-W,201,"Sia, Rosanne"
UBCV,2023-2024,ALRD,121,General,2024-03-25,9:00,12:00,SEM,GRSJ-V,GRSJ 480-W/SEM/201,GRSJ 480-W,201,"Sia, Rosanne"
UBCV,2023-2024,ALRD,121,General,2024-03-18,12:30,14:00,LEC,ANTH-V,ANTH 308-W/LEC/002,ANTH 308-W,002,"Kamat, Vinay Ramnath"
UBCV,2023-2024,ALRD,121,General,2024-03-25,12:30,14:00,LEC,ANTH-V,ANTH 308-W/LEC/002,ANTH 308-W,002,"Kamat, Vinay Ramnath"
UBCV,2023-2024,ALRD,121,General,2024-03-18,14:00,17:00,LEC,ARCH-V,ARCH 512-W/LEC/001,ARCH 512-W,001,"Potvin, Joshua"
UBCV,2023-2024,ALRD,121,General,2024-03-25,14:00,17:00,LEC,ARCH-V,ARCH 512-W/LEC/001,ARCH 512-W,001,"Potvin, Joshua"
UBCV,2023-2024,ALRD,121,General,2024-03-18,17:00,20:00,LEC,LAW-V,LAW 433C-W/LEC/001,LAW 433C-W,001,"Kovacs, Sandy"
UBCV,2023-2024,ALRD,121,General,2024-03-25,17:00,20:00,LEC,LAW-V,LAW 433C-W/LEC/001,LAW 433C-W,001,"Kovacs, Sandy"
UBCV,2023-2024,ALRD,121,General,2024-03-19,9:00,10:30,LEC,LAW-V,LAW 438-W/LEC/002, ,002,"Uteck, Anne"
UBCV,2023-2024,ALRD,121,General,2024-03-26,9:00,10:30,LEC,LAW-V,LAW 438-W/LEC/002, ,002,"Uteck, Anne"
UBCV,2023-2024,ALRD,121,General,2024-03-19,10:30,12:30,LEC,LAW-V,LAW 506-W/LEC/002, , ,"Cui, Wei"
UBCV,2023-2024,ALRD,121,General,2024-03-26,10:30,12:30,LEC,LAW-V,LAW 506-W/LEC/002, , ,"Cui, Wei"
UBCV,2023-2024,ALRD,121,General,2024-03-19,12:30,14:00,LEC,HIST-V,HIST 357-W/LEC/1,HIST 357-W,201,"Sharon, Tucker"
UBCV,2023-2024,ALRD,121,General,2024-03-26,12:30,14:00,LEC,HIST-V,HIST 357-W/LEC/1,HIST 357-W,201,"Sharon, Tucker"
UBCV,2023-2024,ALRD,121,General,2024-03-19,14:00,17:00,LEC,LAW-V,LAW 468-W/LEC/004, ,004,"Russo, Robert"
UBCV,2023-2024,ALRD,121,General,2024-03-26,14:00,17:00,LEC,LAW-V,LAW 468-W/LEC/004, ,004,"Russo, Robert"
UBCV,2023-2024,ALRD,121,General,2024-03-19,18:00,21:00,LEC,LAW-V,LAW 419C-W/LEC/001, , ,"McLean, Paul"
UBCV,2023-2024,ALRD,121,General,2024-03-26,18:00,21:00,LEC,LAW-V,LAW 419C-W/LEC/001, , ,"McLean, Paul"
UBCV,2023-2024,ALRD,121,General,2024-03-20,12:30,14:00,LEC,ANTH-V,ANTH 308-W/LEC/002,ANTH 308-W,002,"Kamat, Vinay Ramnath"
UBCV,2023-2024,ALRD,121,General,2024-03-27,12:30,14:00,LEC,ANTH-V,ANTH 308-W/LEC/002,ANTH 308-W,002,"Kamat, Vinay Ramnath"
UBCV,2023-2024,ALRD,121,General,2024-03-20,9:30,11:00,LEC,LAW-V,LAW 271-W/LEC/003,LAW 271-W,003,"Kong, Hoi"
UBCV,2023-2024,ALRD,121,General,2024-03-27,9:30,11:00,LEC,LAW-V,LAW 271-W/LEC/003,LAW 271-W,003,"Kong, Hoi"
UBCV,2023-2024,ALRD,121,General,2024-03-20,11:30,12:30,LEC,LAW-V,LAW 231-W/LEC/004,LAW 231-W,004,"Mickelson, Karin"
UBCV,2023-2024,ALRD,121,General,2024-03-27,11:30,12:30,LEC,LAW-V,LAW 231-W/LEC/004,LAW 231-W,004,"Mickelson, Karin"
UBCV,2023-2024,ALRD,121,General,2024-03-20,14:00,15:00,LEC,LAW-V,LAW 231-W/LEC/003,LAW 231-W,003,"Wood, John"
UBCV,2023-2024,ALRD,121,General,2024-03-27,14:00,15:00,LEC,LAW-V,LAW 231-W/LEC/003,LAW 231-W,003,"Wood, John"
UBCV,2023-2024,ALRD,121,General,2024-03-20,15:30,17:30,LEC,LAW-V,LAW 509-W/LEC/005,LAW 509-W,005,"Russo, Robert"
UBCV,2023-2024,ALRD,121,General,2024-03-27,15:30,17:30,LEC,LAW-V,LAW 509-W/LEC/005,LAW 509-W,005,"Russo, Robert"
UBCV,2023-2024,ALRD,121,General,2024-03-20,18:00,21:00,LEC,LAW-V,LAW 456C-W/LEC/001,LAW 456C-W,001,"Jawanda, Pavan"
UBCV,2023-2024,ALRD,121,General,2024-03-27,18:00,21:00,LEC,LAW-V,LAW 456C-W/LEC/001,LAW 456C-W,001,"Jawanda, Pavan"
UBCV,2023-2024,ALRD,121,General,2024-03-21,9:00,10:30,LEC,LAW-V,LAW 438-W/LEC/002, ,002,"Uteck, Anne"
UBCV,2023-2024,ALRD,121,General,2024-03-28,9:00,10:30,LEC,LAW-V,LAW 438-W/LEC/002, ,002,"Uteck, Anne"
UBCV,2023-2024,ALRD,121,General,2024-03-21,10:30,12:30,LEC,LAW-V,LAW 506-W/LEC/002, , ,"Cui, Wei"
UBCV,2023-2024,ALRD,121,General,2024-03-28,10:30,12:30,LEC,LAW-V,LAW 506-W/LEC/002, , ,"Cui, Wei"
UBCV,2023-2024,ALRD,121,General,2024-03-21,12:30,14:00,LEC,HIST-V,HIST 357-W/LEC/1,HIST 357-W,201,"Sharon, Tucker"
UBCV,2023-2024,ALRD,121,General,2024-03-28,12:30,14:00,LEC,HIST-V,HIST 357-W/LEC/1,HIST 357-W,201,"Sharon, Tucker"
UBCV,2023-2024,ALRD,121,General,2024-03-21,14:00,17:00,LEC,LAW-V,LAW 447C-W/002,LAW 447C-W,002,"Clark, Guyle"
UBCV,2023-2024,ALRD,121,General,2024-03-28,14:00,17:00,LEC,LAW-V,LAW 447C-W/002,LAW 447C-W,002,"Clark, Guyle"
UBCV,2023-2024,ALRD,121,General,2024-03-21,17:30,20:30,LEC,LAW-V,LAW 434-W/LEC/001, ,001,"McGivern, Lindsay"
UBCV,2023-2024,ALRD,121,General,2024-03-28,17:30,20:30,LEC,LAW-V,LAW 434-W/LEC/001, ,001,"McGivern, Lindsay"
UBCV,2023-2024,ALRD,121,General,2024-03-22,9:30,11:00,LEC,LAW-V,LAW 271-W/LEC/003,LAW 271-W,003,"Kong, Hoi"
UBCV,2023-2024,ALRD,121,General,2024-03-29,9:30,11:00,LEC,LAW-V,LAW 271-W/LEC/003,LAW 271-W,003,"Kong, Hoi"
UBCV,2023-2024,ALRD,121,General,2024-03-22,11:30,12:30,LEC,LAW-V,LAW 231-W/LEC/004,LAW 231-W,004,"Mickelson, Karin"
UBCV,2023-2024,ALRD,121,General,2024-03-29,11:30,12:30,LEC,LAW-V,LAW 231-W/LEC/004,LAW 231-W,004,"Mickelson, Karin"
UBCV,2023-2024,ALRD,121,General,2024-03-22,13:30,14:30,LEC,LAW-V,LAW 231-W/LEC/003,LAW 231-W,003,"Wood, John"
UBCV,2023-2024,ALRD,121,General,2024-03-29,13:30,14:30,LEC,LAW-V,LAW 231-W/LEC/003,LAW 231-W,003,"Wood, John"
UBCV,2023-2024,ALRD,121,General,2024-03-22,15:00,17:00,LEC,LAW-V,LAW 509-W/LEC/005,LAW 509-W,005,"Russo, Robert"
UBCV,2023-2024,ALRD,121,General,2024-03-29,15:00,17:00,LEC,LAW-V,LAW 509-W/LEC/005,LAW 509-W,005,"Russo, Robert"
UBCV,2023-2024,ALRD,121,General,2024-03-23,9:00,16:30,WRK,LAW-V,LAW 380A-W/WRK/004,LAW 380A-W,004,"Amlani, Karim"
UBCV,2023-2024,ALRD,121,General,2024-03-30,9:00,16:30,WRK,LAW-V,LAW 380A-W/WRK/004,LAW 380A-W,004,"Amlani, Karim"
UBCV,2023-2024,ALRD,121,General,2024-03-24,9:00,16:30,WRK,LAW-V,LAW 380A-W/WRK/004,LAW 380A-W,004,"Amlani, Karim"
UBCV,2023-2024,ALRD,121,General,2024-03-31,9:00,16:30,WRK,LAW-V,LAW 380A-W/WRK/004,LAW 380A-W,004,"Amlani, Karim"
UBCV,2023-2024,ALRD,B101,General,2024-03-18,9:00,10:30,LEC,LAW-V,LAW 374-W/LEC/001,LAW 374-W,001,"Manhas, Sukhbir"
UBCV,2023-2024,ALRD,B101,General,2024-03-25,9:00,10:30,LEC,LAW-V,LAW 374-W/LEC/001,LAW 374-W,001,"Manhas, Sukhbir"
UBCV,2023-2024,ALRD,B101,General,2024-03-18,11:00,12:30,LEC,LAW-V,LAW 577-W/LEC/001, , ,"Kaushal, Asha"
UBCV,2023-2024,ALRD,B101,General,2024-03-25,11:00,12:30,LEC,LAW-V,LAW 577-W/LEC/001, , ,"Kaushal, Asha"
UBCV,2023-2024,ALRD,B101,General,2024-03-25,14:00,16:00,WRB-ACTIVE,WRB_UBC,NSCI 201 25-Mar-2024 14:00 - ALRD B101, , , 
UBCV,2023-2024,ALRD,B101,General,2024-03-19,9:30,12:30,LEC,LAW-V,LAW 422-W/LEC/002, ,002,"Festinger, Jonathan"
UBCV,2023-2024,ALRD,B101,General,2024-03-26,9:30,12:30,LEC,LAW-V,LAW 422-W/LEC/002, ,002,"Festinger, Jonathan"
UBCV,2023-2024,ALRD,B101,General,2024-03-19,12:30,13:30,WRB-ACTIVE,WRB_UBC,law event 19-Mar-2024 12:30 - ALRD B101, , , 
UBCV,2023-2024,ALRD,B101,General,2024-03-26,12:30,13:30,WRB-ACTIVE,WRB_UBC,law event 26-Mar-2024 12:30 - ALRD B101, , , 
UBCV,2023-2024,ALRD,B101,General,2024-03-19,15:30,17:00,LEC,RUSS-V,RUSS 410A-W/LEC/201,RUSS 410A-W,201,"Bowers, Katherine"
UBCV,2023-2024,ALRD,B101,General,2024-03-26,15:30,17:00,LEC,RUSS-V,RUSS 410A-W/LEC/201,RUSS 410A-W,201,"Bowers, Katherine"
UBCV,2023-2024,ALRD,B101,General,2024-03-20,9:00,10:30,LEC,LAW-V,LAW 374-W/LEC/001,LAW 374-W,001,"Manhas, Sukhbir"
UBCV,2023-2024,ALRD,B101,General,2024-03-27,9:00,10:30,LEC,LAW-V,LAW 374-W/LEC/001,LAW 374-W,001,"Manhas, Sukhbir"
UBCV,2023-2024,ALRD,B101,General,2024-03-20,11:00,12:30,LEC,LAW-V,LAW 577-W/LEC/001, , ,"Kaushal, Asha"
UBCV,2023-2024,ALRD,B101,General,2024-03-27,11:00,12:30,LEC,LAW-V,LAW 577-W/LEC/001, , ,"Kaushal, Asha"
UBCV,2023-2024,ALRD,B101,General,2024-03-20,12:30,15:30,LEC,ECON-V,ECON 590B-W/001,ECON 590B-W,001,"Nunn, Nathan"
UBCV,2023-2024,ALRD,B101,General,2024-03-27,12:30,15:30,LEC,ECON-V,ECON 590B-W/001,ECON 590B-W,001,"Nunn, Nathan"
UBCV,2023-2024,ALRD,B101,General,2024-03-21,15:30,17:00,LEC,RUSS-V,RUSS 410A-W/LEC/201,RUSS 410A-W,201,"Bowers, Katherine"
UBCV,2023-2024,ALRD,B101,General,2024-03-28,15:30,17:00,LEC,RUSS-V,RUSS 410A-W/LEC/201,RUSS 410A-W,201,"Bowers, Katherine"
UBCV,2023-2024,ALRD,B101,General,2024-03-28,10:00,11:30,LEC,CINE-V,CINE 240-W/LEC/002,CINE 240-W,002, 
UBCV,2023-2024,ALRD,B101,General,2024-03-21,17:00,20:00,WRB-ACTIVE,WRB_UBC,Law class 21-Mar-2024 17:00 - ALRD B101, , , 
UBCV,2023-2024,ALRD,B101,General,2024-03-28,17:00,20:00,WRB-ACTIVE,WRB_UBC,Law class 28-Mar-2024 17:00 - ALRD B101, , , 
UBCV,2023-2024,ALRD,B101,General,2024-03-22,9:30,12:30,LEC,LAW-V,LAW 587C-W/LEC/001, , ,"Wood, John"
UBCV,2023-2024,ALRD,B101,General,2024-03-29,9:30,12:30,LEC,LAW-V,LAW 587C-W/LEC/001, , ,"Wood, John"
UBCV,2023-2024,ALRD,B101,General,2024-03-22,13:30,16:30,LEC,LAW-V,LAW 423C-W/LEC/002, ,002,"Festinger, Jonathan"
UBCV,2023-2024,ALRD,B101,General,2024-03-29,13:30,16:30,LEC,LAW-V,LAW 423C-W/LEC/002, ,002,"Festinger, Jonathan"
UBCV,2023-2024,ALRD,104,Restricted,2024-03-18,9:00,10:30,LEC,LAW-V,LAW 451-W/LEC/001, ,001,"Hofri-Winogradow, Adam"
UBCV,2023-2024,ALRD,104,Restricted,2024-03-25,9:00,10:30,LEC,LAW-V,LAW 451-W/LEC/001, ,001,"Hofri-Winogradow, Adam"
UBCV,2023-2024,ALRD,104,Restricted,2024-03-18,10:30,12:30,LEC,LAW-V,LAW 347B-W/LEC/003,LAW 347B-W,003,"Young, Margot"
UBCV,2023-2024,ALRD,104,Restricted,2024-03-25,10:30,12:30,LEC,LAW-V,LAW 347B-W/LEC/003,LAW 347B-W,003,"Young, Margot"
UBCV,2023-2024,ALRD,104,Restricted,2024-03-18,14:00,17:00,LEC,LAW-V,LAW 300-W/LEC/001,LAW 300-W,001,"Moore, Marcus"
UBCV,2023-2024,ALRD,104,Restricted,2024-03-25,14:00,17:00,LEC,LAW-V,LAW 300-W/LEC/001,LAW 300-W,001,"Moore, Marcus"
UBCV,2023-2024,ALRD,104,Restricted,2024-03-18,18:30,21:30,LEC,LAW-V,LAW 468-W/LEC/007, ,007,"Rusnak, Christopher"
UBCV,2023-2024,ALRD,104,Restricted,2024-03-25,18:30,21:30,LEC,LAW-V,LAW 468-W/LEC/007, ,007,"Rusnak, Christopher"
UBCV,2023-2024,ALRD,114,Restricted,2024-03-18,18:30,21:30,LEC,LAW-V,LAW 588-W/LEC/007, ,007,"Morris, Joel"
UBCV,2023-2024,ALRD,114,Restricted,2024-03-25,18:30,21:30,LEC,LAW-V,LAW 588-W/LEC/007, ,007,"Morris, Joel"
UBCV,2023-2024,ALRD,104,Restricted,2024-03-19,9:30,11:00,LEC,LAW-V,LAW 241-W/LEC/003, ,003,"Beswick, Samuel Peter"
UBCV,2023-2024,ALRD,104,Restricted,2024-03-26,9:30,11:00,LEC,LAW-V,LAW 241-W/LEC/003, ,003,"Beswick, Samuel Peter"
UBCV,2023-2024,ALRD,104,Restricted,2024-03-19,11:30,12:30,LEC,LAW-V,LAW 221-W/LEC/001,LAW 221-W,001,"Goold, Benjamin"
UBCV,2023-2024,ALRD,104,Restricted,2024-03-26,11:30,12:30,LEC,LAW-V,LAW 221-W/LEC/001,LAW 221-W,001,"Goold, Benjamin"
UBCV,2023-2024,ALRD,104,Restricted,2024-03-19,14:00,16:00,LEC,LAW-V,LAW 291-W/LEC/004,LAW 291-W,004,"Flynn, Alexandra"
UBCV,2023-2024,ALRD,104,Restricted,2024-03-26,14:00,16:00,LEC,LAW-V,LAW 291-W/LEC/004,LAW 291-W,004,"Flynn, Alexandra"
UBCV,2023-2024,ALRD,104,Restricted,2024-03-19,17:00,20:00,PRC,LAW-V,LAW 460-W/PRC/001,LAW 460-W,001,"Crabtree, Andrew"
UBCV,2023-2024,ALRD,104,Restricted,2024-03-26,17:00,20:00,PRC,LAW-V,LAW 460-W/PRC/001,LAW 460-W,001,"Crabtree, Andrew"
UBCV,2023-2024,ALRD,104,Restricted,2024-03-20,9:00,10:30,LEC,LAW-V,LAW 451-W/LEC/001, ,001,"Hofri-Winogradow, Adam"
UBCV,2023-2024,ALRD,104,Restricted,2024-03-27,9:00,10:30,LEC,LAW-V,LAW 451-W/LEC/001, ,001,"Hofri-Winogradow, Adam"
UBCV,2023-2024,ALRD,104,Restricted,2024-03-20,10:30,12:30,LEC,LAW-V,LAW 559D-W/LEC/001, , ,"Tremblay, Regine"
UBCV,2023-2024,ALRD,104,Restricted,2024-03-27,10:30,12:30,LEC,LAW-V,LAW 559D-W/LEC/001, , ,"Tremblay, Regine"
UBCV,2023-2024,ALRD,104,Restricted,2024-03-21,9:30,11:00,LEC,LAW-V,LAW 241-W/LEC/003, ,003,"Beswick, Samuel Peter"
UBCV,2023-2024,ALRD,104,Restricted,2024-03-28,9:30,11:00,LEC,LAW-V,LAW 241-W/LEC/003, ,003,"Beswick, Samuel Peter"
UBCV,2023-2024,ALRD,104,Restricted,2024-03-21,11:30,12:30,LEC,LAW-V,LAW 221-W/LEC/001,LAW 221-W,001,"Goold, Benjamin"
UBCV,2023-2024,ALRD,104,Restricted,2024-03-28,11:30,12:30,LEC,LAW-V,LAW 221-W/LEC/001,LAW 221-W,001,"Goold, Benjamin"
UBCV,2023-2024,ALRD,104,Restricted,2024-03-21,14:00,16:00,LEC,LAW-V,LAW 291-W/LEC/003,LAW 291-W,003,"Hilland, Andrea"
UBCV,2023-2024,ALRD,104,Restricted,2024-03-28,14:00,16:00,LEC,LAW-V,LAW 291-W/LEC/003,LAW 291-W,003,"Hilland, Andrea"
UBCV,2023-2024,ALRD,104,Restricted,2024-03-22,10:30,12:30,LEC,LAW-V,LAW 559D-W/LEC/001, , ,"Tremblay, Regine"
UBCV,2023-2024,ALRD,104,Restricted,2024-03-29,10:30,12:30,LEC,LAW-V,LAW 559D-W/LEC/001, , ,"Tremblay, Regine"
UBCV,2023-2024,ALRD,104,Restricted,2024-03-22,13:30,16:30,LEC,LAW-V,LAW 300-W/LEC/003,LAW 300-W,003,"Iyengar, Mark"
UBCV,2023-2024,ALRD,104,Restricted,2024-03-29,13:30,16:30,LEC,LAW-V,LAW 300-W/LEC/003,LAW 300-W,003,"Iyengar, Mark"
UBCV,2023-2024,ALRD,106,Restricted,2024-03-18,17:00,20:00,LEC,LAW-V,LAW 392-W/LEC/001,LAW 392-W,001,"Hickling, James"
UBCV,2023-2024,ALRD,106,Restricted,2024-03-25,17:00,20:00,LEC,LAW-V,LAW 392-W/LEC/001,LAW 392-W,001,"Hickling, James"
UBCV,2023-2024,ALRD,106,Restricted,2024-03-19,9:30,11:00,LEC,LAW-V,LAW 241-W/LEC/004,LAW 241-W,004,"Ahmad, Hassan"
UBCV,2023-2024,ALRD,106,Restricted,2024-03-26,9:30,11:00,LEC,LAW-V,LAW 241-W/LEC/004,LAW 241-W,004,"Ahmad, Hassan"
UBCV,2023-2024,ALRD,106,Restricted,2024-03-19,11:30,12:30,LEC,LAW-V,LAW 221-W/LEC/004,LAW 221-W,004,"Benedet, Janine"
UBCV,2023-2024,ALRD,106,Restricted,2024-03-26,11:30,12:30,LEC,LAW-V,LAW 221-W/LEC/004,LAW 221-W,004,"Benedet, Janine"
UBCV,2023-2024,ALRD,106,Restricted,2024-03-19,14:00,16:00,LEC,LAW-V,LAW 291-W/LEC/001,LAW 291-W,001,"Mack, Johnny"
UBCV,2023-2024,ALRD,106,Restricted,2024-03-26,14:00,16:00,LEC,LAW-V,LAW 291-W/LEC/001,LAW 291-W,001,"Mack, Johnny"
UBCV,2023-2024,ALRD,106,Restricted,2024-03-19,18:00,20:30,LEC,LAW-V,LAW 525-W/LEC/001,LAW 525-W,001,"Mann, Perbeen"
UBCV,2023-2024,ALRD,106,Restricted,2024-03-26,18:00,20:30,LEC,LAW-V,LAW 525-W/LEC/001,LAW 525-W,001,"Mann, Perbeen"
UBCV,2023-2024,ALRD,106,Restricted,2024-03-20,10:30,12:30,LEC,LAW-V,LAW 372-W/LEC/003, ,003,"Pulleyblank, Oliver"
UBCV,2023-2024,ALRD,106,Restricted,2024-03-27,10:30,12:30,LEC,LAW-V,LAW 372-W/LEC/003, ,003,"Pulleyblank, Oliver"
UBCV,2023-2024,ALRD,106,Restricted,2024-03-20,14:00,15:00,LEC,LAW-V,LAW 231-W/LEC/001,LAW 231-W,001,"Harris, Douglas"
UBCV,2023-2024,ALRD,106,Restricted,2024-03-27,14:00,15:00,LEC,LAW-V,LAW 231-W/LEC/001,LAW 231-W,001,"Harris, Douglas"
UBCV,2023-2024,ALRD,106,Restricted,2024-03-20,17:30,20:30,LEC,LAW-V,LAW 455-W/LEC/002, ,002,"Tolensky, Peter"
UBCV,2023-2024,ALRD,106,Restricted,2024-03-27,17:30,20:30,LEC,LAW-V,LAW 455-W/LEC/002, ,002,"Tolensky, Peter"
UBCV,2023-2024,ALRD,106,Restricted,2024-03-21,9:30,11:00,LEC,LAW-V,LAW 241-W/LEC/004,LAW 241-W,004,"Ahmad, Hassan"
UBCV,2023-2024,ALRD,106,Restricted,2024-03-28,9:30,11:00,LEC,LAW-V,LAW 241-W/LEC/004,LAW 241-W,004,"Ahmad, Hassan"
UBCV,2023-2024,ALRD,106,Restricted,2024-03-21,11:30,12:30,LEC,LAW-V,LAW 221-W/LEC/004,LAW 221-W,004,"Benedet, Janine"
UBCV,2023-2024,ALRD,106,Restricted,2024-03-28,11:30,12:30,LEC,LAW-V,LAW 221-W/LEC/004,LAW 221-W,004,"Benedet, Janine"
UBCV,2023-2024,ALRD,106,Restricted,2024-03-21,18:00,20:30,LEC,LAW-V,LAW 525-W/LEC/001,LAW 525-W,001,"Mann, Perbeen"
UBCV,2023-2024,ALRD,106,Restricted,2024-03-28,18:00,20:30,LEC,LAW-V,LAW 525-W/LEC/001,LAW 525-W,001,"Mann, Perbeen"
UBCV,2023-2024,ALRD,106,Restricted,2024-03-21,14:00,16:00,LEC,LAW-V,LAW 347B-W/LEC/004,LAW 347B-W,004,"Bird, Brian"
UBCV,2023-2024,ALRD,106,Restricted,2024-03-28,14:00,16:00,LEC,LAW-V,LAW 347B-W/LEC/004,LAW 347B-W,004,"Bird, Brian"
UBCV,2023-2024,ALRD,106,Restricted,2024-03-22,10:30,12:30,LEC,LAW-V,LAW 372-W/LEC/003, ,003,"Pulleyblank, Oliver"
UBCV,2023-2024,ALRD,106,Restricted,2024-03-29,10:30,12:30,LEC,LAW-V,LAW 372-W/LEC/003, ,003,"Pulleyblank, Oliver"
UBCV,2023-2024,ALRD,106,Restricted,2024-03-22,13:30,14:30,LEC,LAW-V,LAW 231-W/LEC/001,LAW 231-W,001,"Harris, Douglas"
UBCV,2023-2024,ALRD,106,Restricted,2024-03-29,13:30,14:30,LEC,LAW-V,LAW 231-W/LEC/001,LAW 231-W,001,"Harris, Douglas"
UBCV,2023-2024,ALRD,111,Restricted,2024-03-18,10:30,12:30,LEC,LAW-V,LAW 304-W/LEC/001,LAW 304-W,001,"Affolder, Natasha"
UBCV,2023-2024,ALRD,111,Restricted,2024-03-25,10:30,12:30,LEC,LAW-V,LAW 304-W/LEC/001,LAW 304-W,001,"Affolder, Natasha"
UBCV,2023-2024,ALRD,111,Restricted,2024-03-18,14:00,17:00,LEC,LAW-V,LAW 356-W/LEC/001,LAW 356-W,001,"Hanna, Darwin"
UBCV,2023-2024,ALRD,111,Restricted,2024-03-25,14:00,17:00,LEC,LAW-V,LAW 356-W/LEC/001,LAW 356-W,001,"Hanna, Darwin"
UBCV,2023-2024,ALRD,111,Restricted,2024-03-19,9:30,12:30,SEM,LAW-V,LAW 338D-W/SEM/001,LAW 338D-W,001,"Matsui, Shigenori"
UBCV,2023-2024,ALRD,111,Restricted,2024-03-26,9:30,12:30,SEM,LAW-V,LAW 338D-W/SEM/001,LAW 338D-W,001,"Matsui, Shigenori"
UBCV,2023-2024,ALRD,111,Restricted,2024-03-20,14:00,17:00,SEM,LAW-V,LAW 406D-W/SEM/002, ,002,"Gordon, Sara"
UBCV,2023-2024,ALRD,111,Restricted,2024-03-27,14:00,17:00,SEM,LAW-V,LAW 406D-W/SEM/002, ,002,"Gordon, Sara"
UBCV,2023-2024,ALRD,111,Restricted,2024-03-20,17:00,20:00,LEC,LAW-V,LAW 443-W/LEC/001, , ,"Sabzevari, Aminollah"
UBCV,2023-2024,ALRD,111,Restricted,2024-03-27,17:00,20:00,LEC,LAW-V,LAW 443-W/LEC/001, , ,"Sabzevari, Aminollah"
UBCV,2023-2024,ALRD,111,Restricted,2024-03-21,9:30,12:30,SEM,LAW-V,LAW 611C-W/SEM/001,LAW 611C-W,001,"Etxabe, Julen"
UBCV,2023-2024,ALRD,111,Restricted,2024-03-28,9:30,12:30,SEM,LAW-V,LAW 611C-W/SEM/001,LAW 611C-W,001,"Etxabe, Julen"
UBCV,2023-2024,ALRD,111,Restricted,2024-03-21,14:00,17:00,SEM,LAW-V,LAW 494B-W/SEM/002, ,002,"Moore, Marcus"
UBCV,2023-2024,ALRD,111,Restricted,2024-03-28,14:00,17:00,SEM,LAW-V,LAW 494B-W/SEM/002, ,002,"Moore, Marcus"
UBCV,2023-2024,ALRD,111,Restricted,2024-03-21,18:30,21:30,WRK,LAW-V,LAW 462-W/WRK/001, ,001,"Florio, Cassandra"
UBCV,2023-2024,ALRD,111,Restricted,2024-03-28,18:30,21:30,WRK,LAW-V,LAW 462-W/WRK/001, ,001,"Florio, Cassandra"
UBCV,2023-2024,ALRD,114,Restricted,2024-03-19,8:30,10:00,LEC,LAW-V,LAW 410-W/LEC/001, ,001,"Gamble, Ian"
UBCV,2023-2024,ALRD,114,Restricted,2024-03-26,8:30,10:00,LEC,LAW-V,LAW 410-W/LEC/001, ,001,"Gamble, Ian"
UBCV,2023-2024,ALRD,114,Restricted,2024-03-19,14:00,17:00,PRC,LAW-V,LAW 477-W/PRC/001,LAW 477-W/PRC,001,"Martz, Lisa"
UBCV,2023-2024,ALRD,114,Restricted,2024-03-26,14:00,17:00,PRC,LAW-V,LAW 477-W/PRC/001,LAW 477-W/PRC,001,"Martz, Lisa"
UBCV,2023-2024,ALRD,115,Restricted,2024-03-19,14:00,17:00,PRC,LAW-V,LAW 477-W/PRC/001,LAW 477-W/PRC,001,"Martz, Lisa"
UBCV,2023-2024,ALRD,115,Restricted,2024-03-26,14:00,17:00,PRC,LAW-V,LAW 477-W/PRC/001,LAW 477-W/PRC,001,"Martz, Lisa"
UBCV,2023-2024,ALRD,123,Restricted,2024-03-19,14:00,17:00,PRC,LAW-V,LAW 477-W/PRC/001,LAW 477-W/PRC,001,"Martz, Lisa"
UBCV,2023-2024,ALRD,123,Restricted,2024-03-26,14:00,17:00,PRC,LAW-V,LAW 477-W/PRC/001,LAW 477-W/PRC,001,"Martz, Lisa"
UBCV,2023-2024,ALRD,114,Restricted,2024-03-19,17:30,20:30,PRC,LAW-V,LAW 446-W/WRK/001,LAW 446-W,001,"Chow, Catherine"
UBCV,2023-2024,ALRD,114,Restricted,2024-03-26,17:30,20:30,PRC,LAW-V,LAW 446-W/WRK/001,LAW 446-W,001,"Chow, Catherine"
UBCV,2023-2024,ALRD,114,Restricted,2024-03-20,9:30,12:30,LEC,LAW-V,LAW 414-W/LEC/001, ,001,"Abdulla, Asif"
UBCV,2023-2024,ALRD,114,Restricted,2024-03-27,9:30,12:30,LEC,LAW-V,LAW 414-W/LEC/001, ,001,"Abdulla, Asif"
UBCV,2023-2024,ALRD,114,Restricted,2024-03-21,8:30,10:00,LEC,LAW-V,LAW 410-W/LEC/001, ,001,"Gamble, Ian"
UBCV,2023-2024,ALRD,114,Restricted,2024-03-28,8:30,10:00,LEC,LAW-V,LAW 410-W/LEC/001, ,001,"Gamble, Ian"
UBCV,2023-2024,ALRD,114,Restricted,2024-03-21,14:00,16:00,WRK,LAW-V,LAW 473-W/WRK/001,LAW 473-W,001,"Holloway, Roderick H"
UBCV,2023-2024,ALRD,114,Restricted,2024-03-28,14:00,16:00,WRK,LAW-V,LAW 473-W/WRK/001,LAW 473-W,001,"Holloway, Roderick H"
UBCV,2023-2024,ALRD,114,Restricted,2024-03-22,9:30,12:30,SEM,LAW-V,LAW 481D-W/SEM/001,LAW 481D-W,001,"Gordon, Sara"
UBCV,2023-2024,ALRD,114,Restricted,2024-03-29,9:30,12:30,SEM,LAW-V,LAW 481D-W/SEM/001,LAW 481D-W,001,"Gordon, Sara"
UBCV,2023-2024,ALRD,115,Restricted,2024-03-18,8:30,11:30,PRC,LAW-V,LAW 379B-W/PRC/002,LAW 379B-W,002,"Rock, Rebecca"
UBCV,2023-2024,ALRD,115,Restricted,2024-03-25,8:30,11:30,PRC,LAW-V,LAW 379B-W/PRC/002,LAW 379B-W,002,"Rock, Rebecca"
UBCV,2023-2024,ALRD,115,Restricted,2024-03-18,17:00,20:00,SEM,LAW-V,LAW 343D-W/SEM/001, ,001,"Fischer, Ben"
UBCV,2023-2024,ALRD,115,Restricted,2024-03-25,17:00,20:00,SEM,LAW-V,LAW 343D-W/SEM/001, ,001,"Fischer, Ben"
UBCV,2023-2024,ALRD,115,Restricted,2024-03-20,8:30,10:30,WRK,LAW-V,LAW 380A-W/WRK/002,LAW 380A-W,002,"Alsbergas, John"
UBCV,2023-2024,ALRD,115,Restricted,2024-03-27,8:30,10:30,WRK,LAW-V,LAW 380A-W/WRK/002,LAW 380A-W,002,"Alsbergas, John"
UBCV,2023-2024,ALRD,115,Restricted,2024-03-20,10:30,12:30,PRC,LAW-V,LAW 379B-W/PRC/002,LAW 379B-W,002,"Rock, Rebecca"
UBCV,2023-2024,ALRD,115,Restricted,2024-03-27,10:30,12:30,PRC,LAW-V,LAW 379B-W/PRC/002,LAW 379B-W,002,"Rock, Rebecca"
UBCV,2023-2024,ALRD,122,Restricted,2024-03-18,14:00,17:00,SEM,LAW-V,LAW 425D-W/SEM/001, ,001,"Matsui, Shigenori"
UBCV,2023-2024,ALRD,122,Restricted,2024-03-25,14:00,17:00,SEM,LAW-V,LAW 425D-W/SEM/001, ,001,"Matsui, Shigenori"
UBCV,2023-2024,ALRD,122,Restricted,2024-03-18,17:00,20:00,LEC,LAW-V,LAW 564-W/LEC/001, , ,"Marples, Kate"
UBCV,2023-2024,ALRD,122,Restricted,2024-03-25,17:00,20:00,LEC,LAW-V,LAW 564-W/LEC/001, , ,"Marples, Kate"
UBCV,2023-2024,ALRD,122,Restricted,2024-03-19,11:30,12:30,LEC,LAW-V,LAW 221-W/LEC/003,LAW 221-W,003,"Perrin, Benjamin"
UBCV,2023-2024,ALRD,122,Restricted,2024-03-26,11:30,12:30,LEC,LAW-V,LAW 221-W/LEC/003,LAW 221-W,003,"Perrin, Benjamin"
UBCV,2023-2024,ALRD,122,Restricted,2024-03-19,14:00,16:00,LEC,LAW-V,LAW 459-W/LEC/003, ,003,"Peihani, Maziar"
UBCV,2023-2024,ALRD,122,Restricted,2024-03-26,14:00,16:00,LEC,LAW-V,LAW 459-W/LEC/003, ,003,"Peihani, Maziar"
UBCV,2023-2024,ALRD,122,Restricted,2024-03-19,17:30,20:30,SEM,LAW-V,LAW 435D-W/SEM/001,LAW 435D-W,001,"Hermanson, Chelsea"
UBCV,2023-2024,ALRD,122,Restricted,2024-03-26,17:30,20:30,SEM,LAW-V,LAW 435D-W/SEM/001,LAW 435D-W,001,"Hermanson, Chelsea"
UBCV,2023-2024,ALRD,122,Restricted,2024-03-20,10:00,11:30,LEC,LAW-V,LAW 271-W/LEC/001,LAW 271-W,001,"Perrin, Benjamin"
UBCV,2023-2024,ALRD,122,Restricted,2024-03-27,10:00,11:30,LEC,LAW-V,LAW 271-W/LEC/001,LAW 271-W,001,"Perrin, Benjamin"
UBCV,2023-2024,ALRD,122,Restricted,2024-03-20,11:30,12:30,LEC,LAW-V,LAW 211-W/LEC/003,LAW 211-W,003,"Biukovic, Ljiljana"
UBCV,2023-2024,ALRD,122,Restricted,2024-03-27,11:30,12:30,LEC,LAW-V,LAW 211-W/LEC/003,LAW 211-W,003,"Biukovic, Ljiljana"
UBCV,2023-2024,ALRD,122,Restricted,2024-03-20,14:00,15:00,LEC,LAW-V,LAW 211-W/LEC/004,LAW 211-W,004,"Biukovic, Ljiljana"
UBCV,2023-2024,ALRD,122,Restricted,2024-03-27,14:00,15:00,LEC,LAW-V,LAW 211-W/LEC/004,LAW 211-W,004,"Biukovic, Ljiljana"
UBCV,2023-2024,ALRD,122,Restricted,2024-03-21,11:30,12:30,LEC,LAW-V,LAW 221-W/LEC/003,LAW 221-W,003,"Perrin, Benjamin"
UBCV,2023-2024,ALRD,122,Restricted,2024-03-28,11:30,12:30,LEC,LAW-V,LAW 221-W/LEC/003,LAW 221-W,003,"Perrin, Benjamin"
UBCV,2023-2024,ALRD,122,Restricted,2024-03-21,14:00,16:00,LEC,LAW-V,LAW 459-W/LEC/003, ,003,"Peihani, Maziar"
UBCV,2023-2024,ALRD,122,Restricted,2024-03-28,14:00,16:00,LEC,LAW-V,LAW 459-W/LEC/003, ,003,"Peihani, Maziar"
UBCV,2023-2024,ALRD,122,Restricted,2024-03-21,17:30,20:30,LEC,LAW-V,LAW 574-W/LEC/001, , ,"Dosanjh, Sandeep"
UBCV,2023-2024,ALRD,122,Restricted,2024-03-28,17:30,20:30,LEC,LAW-V,LAW 574-W/LEC/001, , ,"Dosanjh, Sandeep"
UBCV,2023-2024,ALRD,122,Restricted,2024-03-22,10:00,11:30,LEC,LAW-V,LAW 271-W/LEC/001,LAW 271-W,001,"Perrin, Benjamin"
UBCV,2023-2024,ALRD,122,Restricted,2024-03-29,10:00,11:30,LEC,LAW-V,LAW 271-W/LEC/001,LAW 271-W,001,"Perrin, Benjamin"
UBCV,2023-2024,ALRD,122,Restricted,2024-03-22,11:30,12:30,LEC,LAW-V,LAW 211-W/LEC/003,LAW 211-W,003,"Biukovic, Ljiljana"
UBCV,2023-2024,ALRD,122,Restricted,2024-03-29,11:30,12:30,LEC,LAW-V,LAW 211-W/LEC/003,LAW 211-W,003,"Biukovic, Ljiljana"
UBCV,2023-2024,ALRD,122,Restricted,2024-03-22,13:30,14:30,LEC,LAW-V,LAW 211-W/LEC/004,LAW 211-W,004,"Biukovic, Ljiljana"
UBCV,2023-2024,ALRD,122,Restricted,2024-03-29,13:30,14:30,LEC,LAW-V,LAW 211-W/LEC/004,LAW 211-W,004,"Biukovic, Ljiljana"
UBCV,2023-2024,ALRD,123,Restricted,2024-03-18,14:00,17:00,SEM,LAW-V,LIBR 569C-W/LEC/002, ,003,"Ford, Cristie"
UBCV,2023-2024,ALRD,123,Restricted,2024-03-25,14:00,17:00,SEM,LAW-V,LIBR 569C-W/LEC/002, ,003,"Ford, Cristie"
UBCV,2023-2024,ALRD,123,Restricted,2024-03-19,9:30,11:00,LEC,LAW-V,LAW 241-W/LEC/002,LAW 241-W,002,"Thomasen, Kristen"
UBCV,2023-2024,ALRD,123,Restricted,2024-03-26,9:30,11:00,LEC,LAW-V,LAW 241-W/LEC/002,LAW 241-W,002,"Thomasen, Kristen"
UBCV,2023-2024,ALRD,123,Restricted,2024-03-19,11:30,12:30,LEC,LAW-V,LAW 221-W/LEC/002,LAW 221-W,002,"Harris, Nikos"
UBCV,2023-2024,ALRD,123,Restricted,2024-03-26,11:30,12:30,LEC,LAW-V,LAW 221-W/LEC/002,LAW 221-W,002,"Harris, Nikos"
UBCV,2023-2024,ALRD,123,Restricted,2024-03-19,17:00,20:00,LEC,LAW-V,LAW 332-W/001,LAW 332-W,001,"Hawkins, Tom"
UBCV,2023-2024,ALRD,123,Restricted,2024-03-26,17:00,20:00,LEC,LAW-V,LAW 332-W/001,LAW 332-W,001,"Hawkins, Tom"
UBCV,2023-2024,ALRD,123,Restricted,2024-03-20,9:30,10:30,LEC,LAW-V,LAW 231-W/LEC/002,LAW 231-W,002,"Pavlich, Dennis"
UBCV,2023-2024,ALRD,123,Restricted,2024-03-27,9:30,10:30,LEC,LAW-V,LAW 231-W/LEC/002,LAW 231-W,002,"Pavlich, Dennis"
UBCV,2023-2024,ALRD,123,Restricted,2024-03-20,11:30,12:30,LEC,LAW-V,LAW 211-W/LEC/001,LAW 211-W,001,"Routh, Supriya"
UBCV,2023-2024,ALRD,123,Restricted,2024-03-27,11:30,12:30,LEC,LAW-V,LAW 211-W/LEC/001,LAW 211-W,001,"Routh, Supriya"
UBCV,2023-2024,ALRD,123,Restricted,2024-03-20,14:00,15:30,LEC,LAW-V,LAW 271-W/LEC/004,LAW 271-W,004,"Kong, Hoi"
UBCV,2023-2024,ALRD,123,Restricted,2024-03-27,14:00,15:30,LEC,LAW-V,LAW 271-W/LEC/004,LAW 271-W,004,"Kong, Hoi"
UBCV,2023-2024,ALRD,123,Restricted,2024-03-20,17:00,20:00,LEC,LAW-V,LAW 464-W/LEC/001,LAW 464-W,001,"Wright, J. Kevin"
UBCV,2023-2024,ALRD,123,Restricted,2024-03-27,17:00,20:00,LEC,LAW-V,LAW 464-W/LEC/001,LAW 464-W,001,"Wright, J. Kevin"
UBCV,2023-2024,ALRD,123,Restricted,2024-03-21,9:30,11:00,LEC,LAW-V,LAW 241-W/LEC/002,LAW 241-W,002,"Thomasen, Kristen"
UBCV,2023-2024,ALRD,123,Restricted,2024-03-28,9:30,11:00,LEC,LAW-V,LAW 241-W/LEC/002,LAW 241-W,002,"Thomasen, Kristen"
UBCV,2023-2024,ALRD,123,Restricted,2024-03-21,11:30,12:30,LEC,LAW-V,LAW 221-W/LEC/002,LAW 221-W,002,"Harris, Nikos"
UBCV,2023-2024,ALRD,123,Restricted,2024-03-28,11:30,12:30,LEC,LAW-V,LAW 221-W/LEC/002,LAW 221-W,002,"Harris, Nikos"
UBCV,2023-2024,ALRD,123,Restricted,2024-03-21,14:00,16:00,LEC,LAW-V,LAW 291-W/LEC/002,LAW 291-W,002,"Beaton, Ryan"
UBCV,2023-2024,ALRD,123,Restricted,2024-03-28,14:00,16:00,LEC,LAW-V,LAW 291-W/LEC/002,LAW 291-W,002,"Beaton, Ryan"
UBCV,2023-2024,ALRD,123,Restricted,2024-03-21,17:00,20:00,LEC,LAW-V,LAW 405C-W/LEC/001,LAW 405C-W,001,"Song, Daniel"
UBCV,2023-2024,ALRD,123,Restricted,2024-03-28,17:00,20:00,LEC,LAW-V,LAW 405C-W/LEC/001,LAW 405C-W,001,"Song, Daniel"
UBCV,2023-2024,ALRD,123,Restricted,2024-03-22,9:30,10:30,LEC,LAW-V,LAW 231-W/LEC/002,LAW 231-W,002,"Pavlich, Dennis"
UBCV,2023-2024,ALRD,123,Restricted,2024-03-29,9:30,10:30,LEC,LAW-V,LAW 231-W/LEC/002,LAW 231-W,002,"Pavlich, Dennis"
UBCV,2023-2024,ALRD,123,Restricted,2024-03-22,11:30,12:30,LEC,LAW-V,LAW 211-W/LEC/001,LAW 211-W,001,"Routh, Supriya"
UBCV,2023-2024,ALRD,123,Restricted,2024-03-29,11:30,12:30,LEC,LAW-V,LAW 211-W/LEC/001,LAW 211-W,001,"Routh, Supriya"
UBCV,2023-2024,ALRD,123,Restricted,2024-03-22,13:30,15:00,LEC,LAW-V,LAW 271-W/LEC/004,LAW 271-W,004,"Kong, Hoi"
UBCV,2023-2024,ALRD,123,Restricted,2024-03-29,13:30,15:00,LEC,LAW-V,LAW 271-W/LEC/004,LAW 271-W,004,"Kong, Hoi"
UBCV,2023-2024,ALRD,335,Restricted,2024-03-18,14:00,17:00,LEC,LAW-V,LAW 404-W/LEC/001,LAW 404-W,001,"Grant, Isabel"
UBCV,2023-2024,ALRD,335,Restricted,2024-03-25,14:00,17:00,LEC,LAW-V,LAW 404-W/LEC/001,LAW 404-W,001,"Grant, Isabel"
UBCV,2023-2024,ALRD,335,Restricted,2024-03-19,15:30,17:00,PRC,LAW-V,LAW 427E-W/PRC/001,LAW 427E-W,001,"Barrett, Nicole"
UBCV,2023-2024,ALRD,335,Restricted,2024-03-26,15:30,17:00,PRC,LAW-V,LAW 427E-W/PRC/001,LAW 427E-W,001,"Barrett, Nicole"
UBCV,2023-2024,ALRD,335,Restricted,2024-03-22,9:00,12:00,WRK,LAW-V,LAW 380C-W/WRK/002,LAW 380C-W,002,"Martz, Lisa"
UBCV,2023-2024,ALRD,335,Restricted,2024-03-29,9:00,12:00,WRK,LAW-V,LAW 380C-W/WRK/002,LAW 380C-W,002,"Martz, Lisa"
